,Unnamed: 0,ID,text,favoriteCount,retweetCount,createdAt,tweetPunct,tweetToken,tweetLemmas
0,0,1354582563164139520,"Congratulations to our new Secretary of State, Antony Blinken. @SecBlinken will revitalize American diplomacy, adva… https://t.co/LRXL71Tdwt",51995,4115,2021-01-28 00:10:24,congratulations to our new secretary of state antony blinken secblinken will revitalize american diplomacy adva… httpstcolrxltdwt,"['congratulations', 'to', 'our', 'new', 'secretary', 'of', 'state', 'antony', 'blinken', 'secblinken', 'will', 'revitalize', 'american', 'diplomacy', 'adva…', 'httpstcolrxltdwt']","['congratulation', 'to', 'our', 'new', 'secretary', 'of', 'state', 'antony', 'blinken', 'secblinken', 'will', 'revitalize', 'american', 'diplomacy', 'adva…', 'httpstcolrxltdwt']"
1,1,1354557611748765697,"Across the world, climate change poses an existential threat not only to our environment – but to our health, our c… https://t.co/Cjaq4AMcxL",10941,1378,2021-01-27 22:31:15,across the world climate change poses an existential threat not only to our environment – but to our health our c… httpstcocjaqamcxl,"['across', 'the', 'world', 'climate', 'change', 'poses', 'an', 'existential', 'threat', 'not', 'only', 'to', 'our', 'environment', '–', 'but', 'to', 'our', 'health', 'our', 'c…', 'httpstcocjaqamcxl']","['across', 'the', 'world', 'climate', 'change', 'pose', 'an', 'existential', 'threat', 'not', 'only', 'to', 'our', 'environment', '–', 'but', 'to', 'our', 'health', 'our', 'c…', 'httpstcocjaqamcxl']"
2,2,1354510467918667784,"One week on the job: we took action on COVID, the economy, the climate crisis, racial injustice – and more.

The wo… https://t.co/BXufQiq7Tq",58543,4583,2021-01-27 19:23:55,"one week on the job we took action on covid the economy the climate crisis racial injustice – and more

the wo… httpstcobxufqiqtq","['one', 'week', 'on', 'the', 'job', 'we', 'took', 'action', 'on', 'covid', 'the', 'economy', 'the', 'climate', 'crisis', 'racial', 'injustice', '–', 'and', 'more', '', 'the', 'wo…', 'httpstcobxufqiqtq']","['one', 'week', 'on', 'the', 'job', 'we', 'took', 'action', 'on', 'covid', 'the', 'economy', 'the', 'climate', 'crisis', 'racial', 'injustice', '–', 'and', 'more', '', 'the', 'wo…', 'httpstcobxufqiqtq']"
3,3,1354489791623159810,"RT @POTUS: We have no time to waste when it comes to tackling the threat of climate change. That’s why today, I’ll be taking action to addr…",0,10846,2021-01-27 18:01:46,rt potus we have no time to waste when it comes to tackling the threat of climate change that’s why today i’ll be taking action to addr…,"['rt', 'potus', 'we', 'have', 'no', 'time', 'to', 'waste', 'when', 'it', 'comes', 'to', 'tackling', 'the', 'threat', 'of', 'climate', 'change', 'that’s', 'why', 'today', 'i’ll', 'be', 'taking', 'action', 'to', 'addr…']","['rt', 'potus', 'we', 'have', 'no', 'time', 'to', 'waste', 'when', 'it', 'come', 'to', 'tackling', 'the', 'threat', 'of', 'climate', 'change', 'that’s', 'why', 'today', 'i’ll', 'be', 'taking', 'action', 'to', 'addr…']"
4,4,1354486618518937609,President Biden and I will continue to stand up to hatred in all forms and do everything we can to prevent future g… https://t.co/xlHCPGWwxi,11215,997,2021-01-27 17:49:09,president biden and i will continue to stand up to hatred in all forms and do everything we can to prevent future g… httpstcoxlhcpgwwxi,"['president', 'biden', 'and', 'i', 'will', 'continue', 'to', 'stand', 'up', 'to', 'hatred', 'in', 'all', 'forms', 'and', 'do', 'everything', 'we', 'can', 'to', 'prevent', 'future', 'g…', 'httpstcoxlhcpgwwxi']","['president', 'biden', 'and', 'i', 'will', 'continue', 'to', 'stand', 'up', 'to', 'hatred', 'in', 'all', 'form', 'and', 'do', 'everything', 'we', 'can', 'to', 'prevent', 'future', 'g…', 'httpstcoxlhcpgwwxi']"
5,5,1354486616514039811,"When Douglas and I visited Yad Vashem in Israel a few years ago, it was a powerful reminder of what happens when we… https://t.co/RNjqAm9U0P",10136,843,2021-01-27 17:49:09,when douglas and i visited yad vashem in israel a few years ago it was a powerful reminder of what happens when we… httpstcornjqamup,"['when', 'douglas', 'and', 'i', 'visited', 'yad', 'vashem', 'in', 'israel', 'a', 'few', 'years', 'ago', 'it', 'was', 'a', 'powerful', 'reminder', 'of', 'what', 'happens', 'when', 'we…', 'httpstcornjqamup']","['when', 'douglas', 'and', 'i', 'visited', 'yad', 'vashem', 'in', 'israel', 'a', 'few', 'year', 'ago', 'it', 'wa', 'a', 'powerful', 'reminder', 'of', 'what', 'happens', 'when', 'we…', 'httpstcornjqamup']"
6,6,1354486614773391362,"And we pledge to stay vigilant and teach our children, and their children, the truth about the horrors of the Holoc… https://t.co/768XScmi4S",4822,600,2021-01-27 17:49:08,and we pledge to stay vigilant and teach our children and their children the truth about the horrors of the holoc… httpstcoxscmis,"['and', 'we', 'pledge', 'to', 'stay', 'vigilant', 'and', 'teach', 'our', 'children', 'and', 'their', 'children', 'the', 'truth', 'about', 'the', 'horrors', 'of', 'the', 'holoc…', 'httpstcoxscmis']","['and', 'we', 'pledge', 'to', 'stay', 'vigilant', 'and', 'teach', 'our', 'child', 'and', 'their', 'child', 'the', 'truth', 'about', 'the', 'horror', 'of', 'the', 'holoc…', 'httpstcoxscmis']"
7,7,1354486613083107333,"In honoring those whose lives were taken as well as those who survived the Shoah, we reaffirm our commitment to com… https://t.co/RgySjk9F0S",5069,592,2021-01-27 17:49:08,in honoring those whose lives were taken as well as those who survived the shoah we reaffirm our commitment to com… httpstcorgysjkfs,"['in', 'honoring', 'those', 'whose', 'lives', 'were', 'taken', 'as', 'well', 'as', 'those', 'who', 'survived', 'the', 'shoah', 'we', 'reaffirm', 'our', 'commitment', 'to', 'com…', 'httpstcorgysjkfs']","['in', 'honoring', 'those', 'whose', 'life', 'were', 'taken', 'a', 'well', 'a', 'those', 'who', 'survived', 'the', 'shoah', 'we', 'reaffirm', 'our', 'commitment', 'to', 'com…', 'httpstcorgysjkfs']"
8,8,1354486611384401922,"Today—on International Holocaust Remembrance Day—we remember the six million Jews, and the Roma and Sinti, Slavs, d… https://t.co/OADD0YQDBS",38414,6331,2021-01-27 17:49:07,today—on international holocaust remembrance day—we remember the six million jews and the roma and sinti slavs d… httpstcooaddyqdbs,"['today—on', 'international', 'holocaust', 'remembrance', 'day—we', 'remember', 'the', 'six', 'million', 'jews', 'and', 'the', 'roma', 'and', 'sinti', 'slavs', 'd…', 'httpstcooaddyqdbs']","['today—on', 'international', 'holocaust', 'remembrance', 'day—we', 'remember', 'the', 'six', 'million', 'jew', 'and', 'the', 'rom', 'and', 'sinti', 'slav', 'd…', 'httpstcooaddyqdbs']"
9,9,1354261671469051909,"RT @POTUS: The fact is systemic racism touches every facet of American life, and everyone — no matter your race or ethnicity — benefits whe…",0,10477,2021-01-27 02:55:18,rt potus the fact is systemic racism touches every facet of american life and everyone — no matter your race or ethnicity — benefits whe…,"['rt', 'potus', 'the', 'fact', 'is', 'systemic', 'racism', 'touches', 'every', 'facet', 'of', 'american', 'life', 'and', 'everyone', '—', 'no', 'matter', 'your', 'race', 'or', 'ethnicity', '—', 'benefits', 'whe…']","['rt', 'potus', 'the', 'fact', 'is', 'systemic', 'racism', 'touch', 'every', 'facet', 'of', 'american', 'life', 'and', 'everyone', '—', 'no', 'matter', 'your', 'race', 'or', 'ethnicity', '—', 'benefit', 'whe…']"
10,10,1354234432207642624,"Today I received my second dose of the COVID-19 vaccine during a visit to @NIH. When it becomes available to you, d… https://t.co/I9C7bxNxsp",182523,9901,2021-01-27 01:07:03,today i received my second dose of the covid vaccine during a visit to nih when it becomes available to you d… httpstcoicbxnxsp,"['today', 'i', 'received', 'my', 'second', 'dose', 'of', 'the', 'covid', 'vaccine', 'during', 'a', 'visit', 'to', 'nih', 'when', 'it', 'becomes', 'available', 'to', 'you', 'd…', 'httpstcoicbxnxsp']","['today', 'i', 'received', 'my', 'second', 'dose', 'of', 'the', 'covid', 'vaccine', 'during', 'a', 'visit', 'to', 'nih', 'when', 'it', 'becomes', 'available', 'to', 'you', 'd…', 'httpstcoicbxnxsp']"
11,11,1354155825594560515,"RT @POTUS: America has never lived up to its founding promise of equality for all, but we’ve never stopped trying. Today, I’ll take action…",0,12507,2021-01-26 19:54:42,rt potus america has never lived up to its founding promise of equality for all but we’ve never stopped trying today i’ll take action…,"['rt', 'potus', 'america', 'has', 'never', 'lived', 'up', 'to', 'its', 'founding', 'promise', 'of', 'equality', 'for', 'all', 'but', 'we’ve', 'never', 'stopped', 'trying', 'today', 'i’ll', 'take', 'action…']","['rt', 'potus', 'america', 'ha', 'never', 'lived', 'up', 'to', 'it', 'founding', 'promise', 'of', 'equality', 'for', 'all', 'but', 'we’ve', 'never', 'stopped', 'trying', 'today', 'i’ll', 'take', 'action…']"
12,12,1354127313508724737,"Today I swore in @JanetYellen as @USTreasury Secretary. Secretary Yellen is a trailblazer, whose deep commitment to… https://t.co/Lp9lnOXchH",78450,6665,2021-01-26 18:01:24,today i swore in janetyellen as ustreasury secretary secretary yellen is a trailblazer whose deep commitment to… httpstcolplnoxchh,"['today', 'i', 'swore', 'in', 'janetyellen', 'as', 'ustreasury', 'secretary', 'secretary', 'yellen', 'is', 'a', 'trailblazer', 'whose', 'deep', 'commitment', 'to…', 'httpstcolplnoxchh']","['today', 'i', 'swore', 'in', 'janetyellen', 'a', 'ustreasury', 'secretary', 'secretary', 'yellen', 'is', 'a', 'trailblazer', 'whose', 'deep', 'commitment', 'to…', 'httpstcolplnoxchh']"
13,13,1353784403026128897,"Today I swore in @LloydAustin as the Secretary of @DeptofDefense. Secretary Austin’s integrity, experience, and int… https://t.co/IuAl4sBhQB",73496,6482,2021-01-25 19:18:48,today i swore in lloydaustin as the secretary of deptofdefense secretary austin’s integrity experience and int… httpstcoiualsbhqb,"['today', 'i', 'swore', 'in', 'lloydaustin', 'as', 'the', 'secretary', 'of', 'deptofdefense', 'secretary', 'austin’s', 'integrity', 'experience', 'and', 'int…', 'httpstcoiualsbhqb']","['today', 'i', 'swore', 'in', 'lloydaustin', 'a', 'the', 'secretary', 'of', 'deptofdefense', 'secretary', 'austin’s', 'integrity', 'experience', 'and', 'int…', 'httpstcoiualsbhqb']"
14,14,1353757741777616896,We need to ensure our future is made in America – by America’s workers. That’s why @POTUS will sign an Executive Or… https://t.co/eLnPpOls43,66979,6254,2021-01-25 17:32:51,we need to ensure our future is made in america – by america’s workers that’s why potus will sign an executive or… httpstcoelnppols,"['we', 'need', 'to', 'ensure', 'our', 'future', 'is', 'made', 'in', 'america', '–', 'by', 'america’s', 'workers', 'that’s', 'why', 'potus', 'will', 'sign', 'an', 'executive', 'or…', 'httpstcoelnppols']","['we', 'need', 'to', 'ensure', 'our', 'future', 'is', 'made', 'in', 'america', '–', 'by', 'america’s', 'worker', 'that’s', 'why', 'potus', 'will', 'sign', 'an', 'executive', 'or…', 'httpstcoelnppols']"
15,15,1353757532267962371,"RT @POTUS: Today, I repealed the discriminatory ban on transgender people serving in the military. It’s simple: America is safer when every…",0,30878,2021-01-25 17:32:01,rt potus today i repealed the discriminatory ban on transgender people serving in the military it’s simple america is safer when every…,"['rt', 'potus', 'today', 'i', 'repealed', 'the', 'discriminatory', 'ban', 'on', 'transgender', 'people', 'serving', 'in', 'the', 'military', 'it’s', 'simple', 'america', 'is', 'safer', 'when', 'every…']","['rt', 'potus', 'today', 'i', 'repealed', 'the', 'discriminatory', 'ban', 'on', 'transgender', 'people', 'serving', 'in', 'the', 'military', 'it’s', 'simple', 'america', 'is', 'safer', 'when', 'every…']"
16,16,1353368375729283073,The beginning of our new journey. https://t.co/29yGTjijRF,394536,16918,2021-01-24 15:45:39,the beginning of our new journey httpstcoygtjijrf,"['the', 'beginning', 'of', 'our', 'new', 'journey', 'httpstcoygtjijrf']","['the', 'beginning', 'of', 'our', 'new', 'journey', 'httpstcoygtjijrf']"
17,17,1353352962287034370,RT @WhiteHouse: Please wear a mask. https://t.co/aAqlmJP5RT,0,57810,2021-01-24 14:44:24,rt whitehouse please wear a mask httpstcoaaqlmjprt,"['rt', 'whitehouse', 'please', 'wear', 'a', 'mask', 'httpstcoaaqlmjprt']","['rt', 'whitehouse', 'please', 'wear', 'a', 'mask', 'httpstcoaaqlmjprt']"
18,18,1353087016007839745,"This weekend, don’t forget:
 
- Wear a mask
- Stay socially distanced
- Avoid large indoor gatherings
 
Together, we can save lives.",292162,24027,2021-01-23 21:07:38,"this weekend don’t forget
 
 wear a mask
 stay socially distanced
 avoid large indoor gatherings
 
together we can save lives","['this', 'weekend', 'don’t', 'forget', '', '', '', 'wear', 'a', 'mask', '', 'stay', 'socially', 'distanced', '', 'avoid', 'large', 'indoor', 'gatherings', '', '', 'together', 'we', 'can', 'save', 'lives']","['this', 'weekend', 'don’t', 'forget', '', '', '', 'wear', 'a', 'mask', '', 'stay', 'socially', 'distanced', '', 'avoid', 'large', 'indoor', 'gathering', '', '', 'together', 'we', 'can', 'save', 'life']"
19,19,1353066572634497032,"RT @POTUS: We will get through this, together. https://t.co/W03wlb2m8o",0,10930,2021-01-23 19:46:24,rt potus we will get through this together httpstcowwlbmo,"['rt', 'potus', 'we', 'will', 'get', 'through', 'this', 'together', 'httpstcowwlbmo']","['rt', 'potus', 'we', 'will', 'get', 'through', 'this', 'together', 'httpstcowwlbmo']"
20,0,1357103862323290117,"We can’t afford to wait to pass the American Rescue Plan, which will: 
-Get checks to Americans
-Get more vaccines… https://t.co/U3J9cDrzYk",14627,2226,2021-02-03 23:09:09,"we can’t afford to wait to pass the american rescue plan which will 
get checks to americans
get more vaccines… httpstcoujcdrzyk","['we', 'can’t', 'afford', 'to', 'wait', 'to', 'pass', 'the', 'american', 'rescue', 'plan', 'which', 'will', '', 'get', 'checks', 'to', 'americans', 'get', 'more', 'vaccines…', 'httpstcoujcdrzyk']","['we', 'can’t', 'afford', 'to', 'wait', 'to', 'pas', 'the', 'american', 'rescue', 'plan', 'which', 'will', '', 'get', 'check', 'to', 'american', 'get', 'more', 'vaccines…', 'httpstcoujcdrzyk']"
21,1,1357079540087062531,"Americans are hurting right now, and our administration has a robust nationwide strategy to help communities most h… https://t.co/zKFJtAX6Fq",36494,3763,2021-02-03 21:32:30,americans are hurting right now and our administration has a robust nationwide strategy to help communities most h… httpstcozkfjtaxfq,"['americans', 'are', 'hurting', 'right', 'now', 'and', 'our', 'administration', 'has', 'a', 'robust', 'nationwide', 'strategy', 'to', 'help', 'communities', 'most', 'h…', 'httpstcozkfjtaxfq']","['american', 'are', 'hurting', 'right', 'now', 'and', 'our', 'administration', 'ha', 'a', 'robust', 'nationwide', 'strategy', 'to', 'help', 'community', 'most', 'h…', 'httpstcozkfjtaxfq']"
22,2,1356988922048487426,"This morning, I swore in Pete Buttigieg as Secretary of Transportation. @SecretaryPete is a true problem-solver. He… https://t.co/KO0Qoik2fe",113827,8862,2021-02-03 15:32:25,this morning i swore in pete buttigieg as secretary of transportation secretarypete is a true problemsolver he… httpstcokoqoikfe,"['this', 'morning', 'i', 'swore', 'in', 'pete', 'buttigieg', 'as', 'secretary', 'of', 'transportation', 'secretarypete', 'is', 'a', 'true', 'problemsolver', 'he…', 'httpstcokoqoikfe']","['this', 'morning', 'i', 'swore', 'in', 'pete', 'buttigieg', 'a', 'secretary', 'of', 'transportation', 'secretarypete', 'is', 'a', 'true', 'problemsolver', 'he…', 'httpstcokoqoikfe']"
23,3,1356798041043394565,RT @WhiteHouse: America is a nation of immigrants and Indigenous peoples — and we are stronger because of it. https://t.co/IgTtaQ0WzS,0,3102,2021-02-03 02:53:55,rt whitehouse america is a nation of immigrants and indigenous peoples — and we are stronger because of it httpstcoigttaqwzs,"['rt', 'whitehouse', 'america', 'is', 'a', 'nation', 'of', 'immigrants', 'and', 'indigenous', 'peoples', '—', 'and', 'we', 'are', 'stronger', 'because', 'of', 'it', 'httpstcoigttaqwzs']","['rt', 'whitehouse', 'america', 'is', 'a', 'nation', 'of', 'immigrant', 'and', 'indigenous', 'people', '—', 'and', 'we', 'are', 'stronger', 'because', 'of', 'it', 'httpstcoigttaqwzs']"
24,4,1356789074846228490,"Congratulations to @AliMayorkas, our new Secretary of Homeland Security. Secretary Mayorkas is a dedicated public s… https://t.co/sVE4XdPXhw",49261,3884,2021-02-03 02:18:18,congratulations to alimayorkas our new secretary of homeland security secretary mayorkas is a dedicated public s… httpstcosvexdpxhw,"['congratulations', 'to', 'alimayorkas', 'our', 'new', 'secretary', 'of', 'homeland', 'security', 'secretary', 'mayorkas', 'is', 'a', 'dedicated', 'public', 's…', 'httpstcosvexdpxhw']","['congratulation', 'to', 'alimayorkas', 'our', 'new', 'secretary', 'of', 'homeland', 'security', 'secretary', 'mayorkas', 'is', 'a', 'dedicated', 'public', 's…', 'httpstcosvexdpxhw']"
25,5,1356648429062127616,"RT @POTUS: We will be judged for how we resolve the cascading crises of our era.
 
Will we rise to the occasion? Will we master this rare a…",0,8984,2021-02-02 16:59:25,"rt potus we will be judged for how we resolve the cascading crises of our era
 
will we rise to the occasion will we master this rare a…","['rt', 'potus', 'we', 'will', 'be', 'judged', 'for', 'how', 'we', 'resolve', 'the', 'cascading', 'crises', 'of', 'our', 'era', '', '', 'will', 'we', 'rise', 'to', 'the', 'occasion', 'will', 'we', 'master', 'this', 'rare', 'a…']","['rt', 'potus', 'we', 'will', 'be', 'judged', 'for', 'how', 'we', 'resolve', 'the', 'cascading', 'crisis', 'of', 'our', 'era', '', '', 'will', 'we', 'rise', 'to', 'the', 'occasion', 'will', 'we', 'master', 'this', 'rare', 'a…']"
26,6,1356394369021042691,"Today I spoke with Prime Minister @JustinTrudeau. We discussed our commitment to work closely on several issues, in… https://t.co/zss2h8ru9Z",93112,6898,2021-02-02 00:09:52,today i spoke with prime minister justintrudeau we discussed our commitment to work closely on several issues in… httpstcozsshruz,"['today', 'i', 'spoke', 'with', 'prime', 'minister', 'justintrudeau', 'we', 'discussed', 'our', 'commitment', 'to', 'work', 'closely', 'on', 'several', 'issues', 'in…', 'httpstcozsshruz']","['today', 'i', 'spoke', 'with', 'prime', 'minister', 'justintrudeau', 'we', 'discussed', 'our', 'commitment', 'to', 'work', 'closely', 'on', 'several', 'issue', 'in…', 'httpstcozsshruz']"
27,7,1356301475530612737,"As Black History Month begins today, we remember and honor those who have come before, and we work to build a brigh… https://t.co/PxPrvePtIR",98256,11681,2021-02-01 18:00:45,as black history month begins today we remember and honor those who have come before and we work to build a brigh… httpstcopxprveptir,"['as', 'black', 'history', 'month', 'begins', 'today', 'we', 'remember', 'and', 'honor', 'those', 'who', 'have', 'come', 'before', 'and', 'we', 'work', 'to', 'build', 'a', 'brigh…', 'httpstcopxprveptir']","['a', 'black', 'history', 'month', 'begin', 'today', 'we', 'remember', 'and', 'honor', 'those', 'who', 'have', 'come', 'before', 'and', 'we', 'work', 'to', 'build', 'a', 'brigh…', 'httpstcopxprveptir']"
28,8,1355989793004519428,"People are hurting right now. 

The American Rescue Plan gets economic relief to those who need it, and it gets peo… https://t.co/8BkKxGRpwd",93864,10804,2021-01-31 21:22:14,"people are hurting right now 

the american rescue plan gets economic relief to those who need it and it gets peo… httpstcobkkxgrpwd","['people', 'are', 'hurting', 'right', 'now', '', '', 'the', 'american', 'rescue', 'plan', 'gets', 'economic', 'relief', 'to', 'those', 'who', 'need', 'it', 'and', 'it', 'gets', 'peo…', 'httpstcobkkxgrpwd']","['people', 'are', 'hurting', 'right', 'now', '', '', 'the', 'american', 'rescue', 'plan', 'get', 'economic', 'relief', 'to', 'those', 'who', 'need', 'it', 'and', 'it', 'get', 'peo…', 'httpstcobkkxgrpwd']"
29,9,1355893193561284610,"Since January 20th, @POTUS and I have addressed the urgent crises facing our nation – the pandemic, the economic cr… https://t.co/QpABwFku7H",78472,6477,2021-01-31 14:58:23,since january th potus and i have addressed the urgent crises facing our nation – the pandemic the economic cr… httpstcoqpabwfkuh,"['since', 'january', 'th', 'potus', 'and', 'i', 'have', 'addressed', 'the', 'urgent', 'crises', 'facing', 'our', 'nation', '–', 'the', 'pandemic', 'the', 'economic', 'cr…', 'httpstcoqpabwfkuh']","['since', 'january', 'th', 'potus', 'and', 'i', 'have', 'addressed', 'the', 'urgent', 'crisis', 'facing', 'our', 'nation', '–', 'the', 'pandemic', 'the', 'economic', 'cr…', 'httpstcoqpabwfkuh']"
30,10,1355583079017021440,RT @POTUS: $600 is simply not enough when you have to choose between paying your rent and putting food on the table. That’s why my American…,0,23446,2021-01-30 18:26:06,rt potus  is simply not enough when you have to choose between paying your rent and putting food on the table that’s why my american…,"['rt', 'potus', '', 'is', 'simply', 'not', 'enough', 'when', 'you', 'have', 'to', 'choose', 'between', 'paying', 'your', 'rent', 'and', 'putting', 'food', 'on', 'the', 'table', 'that’s', 'why', 'my', 'american…']","['rt', 'potus', '', 'is', 'simply', 'not', 'enough', 'when', 'you', 'have', 'to', 'choose', 'between', 'paying', 'your', 'rent', 'and', 'putting', 'food', 'on', 'the', 'table', 'that’s', 'why', 'my', 'american…']"
31,11,1355577387044495368,RT @WhiteHouse: The Cabinet is coming together. https://t.co/qZlqBOsvfp,0,5854,2021-01-30 18:03:29,rt whitehouse the cabinet is coming together httpstcoqzlqbosvfp,"['rt', 'whitehouse', 'the', 'cabinet', 'is', 'coming', 'together', 'httpstcoqzlqbosvfp']","['rt', 'whitehouse', 'the', 'cabinet', 'is', 'coming', 'together', 'httpstcoqzlqbosvfp']"
32,12,1355559961523269637,"RT @CDCDirector: Please #WearAMask to protect yourself and others from #COVID19. Masks work best when everyone wears one, but they are not…",0,1747,2021-01-30 16:54:14,rt cdcdirector please wearamask to protect yourself and others from covid masks work best when everyone wears one but they are not…,"['rt', 'cdcdirector', 'please', 'wearamask', 'to', 'protect', 'yourself', 'and', 'others', 'from', 'covid', 'masks', 'work', 'best', 'when', 'everyone', 'wears', 'one', 'but', 'they', 'are', 'not…']","['rt', 'cdcdirector', 'please', 'wearamask', 'to', 'protect', 'yourself', 'and', 'others', 'from', 'covid', 'mask', 'work', 'best', 'when', 'everyone', 'wear', 'one', 'but', 'they', 'are', 'not…']"
33,13,1355260885154074624,"Cicely Tyson broke barriers and paved the way for so many. She inspired the world with her art, activism, and altru… https://t.co/VtISacwyVU",77285,6131,2021-01-29 21:05:49,cicely tyson broke barriers and paved the way for so many she inspired the world with her art activism and altru… httpstcovtisacwyvu,"['cicely', 'tyson', 'broke', 'barriers', 'and', 'paved', 'the', 'way', 'for', 'so', 'many', 'she', 'inspired', 'the', 'world', 'with', 'her', 'art', 'activism', 'and', 'altru…', 'httpstcovtisacwyvu']","['cicely', 'tyson', 'broke', 'barrier', 'and', 'paved', 'the', 'way', 'for', 'so', 'many', 'she', 'inspired', 'the', 'world', 'with', 'her', 'art', 'activism', 'and', 'altru…', 'httpstcovtisacwyvu']"
34,14,1355180765986889731,Get vaccinated. Save lives. https://t.co/5ZNXerlmIJ,103646,10766,2021-01-29 15:47:27,get vaccinated save lives httpstcoznxerlmij,"['get', 'vaccinated', 'save', 'lives', 'httpstcoznxerlmij']","['get', 'vaccinated', 'save', 'life', 'httpstcoznxerlmij']"
35,15,1354964468011331585,"RT @SecondGentleman: Well, now it's official. @MerriamWebster just added ""Second Gentleman"" to the dictionary. 

I might be the first, but…",0,16131,2021-01-29 01:27:57,"rt secondgentleman well now its official merriamwebster just added second gentleman to the dictionary 

i might be the first but…","['rt', 'secondgentleman', 'well', 'now', 'its', 'official', 'merriamwebster', 'just', 'added', 'second', 'gentleman', 'to', 'the', 'dictionary', '', '', 'i', 'might', 'be', 'the', 'first', 'but…']","['rt', 'secondgentleman', 'well', 'now', 'it', 'official', 'merriamwebster', 'just', 'added', 'second', 'gentleman', 'to', 'the', 'dictionary', '', '', 'i', 'might', 'be', 'the', 'first', 'but…']"
36,16,1354928391556894720,"Families and businesses need our help, now. That’s why @POTUS and I are calling on Congress to pass the American Re… https://t.co/t2HqfoO8kl",34794,4226,2021-01-28 23:04:36,families and businesses need our help now that’s why potus and i are calling on congress to pass the american re… httpstcothqfookl,"['families', 'and', 'businesses', 'need', 'our', 'help', 'now', 'that’s', 'why', 'potus', 'and', 'i', 'are', 'calling', 'on', 'congress', 'to', 'pass', 'the', 'american', 're…', 'httpstcothqfookl']","['family', 'and', 'business', 'need', 'our', 'help', 'now', 'that’s', 'why', 'potus', 'and', 'i', 'are', 'calling', 'on', 'congress', 'to', 'pas', 'the', 'american', 're…', 'httpstcothqfookl']"
37,17,1354844658850025473,"During this public health crisis, it’s even more important that Americans have meaningful access to quality, afford… https://t.co/dmYeIOsiiF",11521,1579,2021-01-28 17:31:53,during this public health crisis it’s even more important that americans have meaningful access to quality afford… httpstcodmyeiosiif,"['during', 'this', 'public', 'health', 'crisis', 'it’s', 'even', 'more', 'important', 'that', 'americans', 'have', 'meaningful', 'access', 'to', 'quality', 'afford…', 'httpstcodmyeiosiif']","['during', 'this', 'public', 'health', 'crisis', 'it’s', 'even', 'more', 'important', 'that', 'american', 'have', 'meaningful', 'access', 'to', 'quality', 'afford…', 'httpstcodmyeiosiif']"
38,18,1354828951257026563,"Across the country and around the world, people – particularly women – have been denied access to crucial reproduct… https://t.co/9HFb9pNqhU",50273,5693,2021-01-28 16:29:28,across the country and around the world people – particularly women – have been denied access to crucial reproduct… httpstcohfbpnqhu,"['across', 'the', 'country', 'and', 'around', 'the', 'world', 'people', '–', 'particularly', 'women', '–', 'have', 'been', 'denied', 'access', 'to', 'crucial', 'reproduct…', 'httpstcohfbpnqhu']","['across', 'the', 'country', 'and', 'around', 'the', 'world', 'people', '–', 'particularly', 'woman', '–', 'have', 'been', 'denied', 'access', 'to', 'crucial', 'reproduct…', 'httpstcohfbpnqhu']"
39,19,1354828231153758210,RT @POTUS: One week down. https://t.co/yxrkWAXlkL,0,11481,2021-01-28 16:26:36,rt potus one week down httpstcoyxrkwaxlkl,"['rt', 'potus', 'one', 'week', 'down', 'httpstcoyxrkwaxlkl']","['rt', 'potus', 'one', 'week', 'down', 'httpstcoyxrkwaxlkl']"
40,3,1359238514248925186,"Congratulations to @DenisMcDonough, our new Secretary of Veterans Affairs. Secretary McDonough is a committed publi… https://t.co/pO82hxv1fl",22807,2248,2021-02-09 20:31:29,congratulations to denismcdonough our new secretary of veterans affairs secretary mcdonough is a committed publi… httpstcopohxvfl,"['congratulations', 'to', 'denismcdonough', 'our', 'new', 'secretary', 'of', 'veterans', 'affairs', 'secretary', 'mcdonough', 'is', 'a', 'committed', 'publi…', 'httpstcopohxvfl']","['congratulation', 'to', 'denismcdonough', 'our', 'new', 'secretary', 'of', 'veteran', 'affair', 'secretary', 'mcdonough', 'is', 'a', 'committed', 'publi…', 'httpstcopohxvfl']"
41,4,1359196433262460929,"RT @SecDef: It’s difficult to think about #BlackHistoryMonth without thinking about Jackie Robinson. Beyond his contributions to baseball,…",0,1064,2021-02-09 17:44:16,rt secdef it’s difficult to think about blackhistorymonth without thinking about jackie robinson beyond his contributions to baseball…,"['rt', 'secdef', 'it’s', 'difficult', 'to', 'think', 'about', 'blackhistorymonth', 'without', 'thinking', 'about', 'jackie', 'robinson', 'beyond', 'his', 'contributions', 'to', 'baseball…']","['rt', 'secdef', 'it’s', 'difficult', 'to', 'think', 'about', 'blackhistorymonth', 'without', 'thinking', 'about', 'jackie', 'robinson', 'beyond', 'his', 'contribution', 'to', 'baseball…']"
42,5,1359171049137598466,"We can contain the pandemic, help our small businesses, and get Americans back to work. 

But Congress needs to act… https://t.co/VDmU2YZd7D",52136,4949,2021-02-09 16:03:24,"we can contain the pandemic help our small businesses and get americans back to work 

but congress needs to act… httpstcovdmuyzdd","['we', 'can', 'contain', 'the', 'pandemic', 'help', 'our', 'small', 'businesses', 'and', 'get', 'americans', 'back', 'to', 'work', '', '', 'but', 'congress', 'needs', 'to', 'act…', 'httpstcovdmuyzdd']","['we', 'can', 'contain', 'the', 'pandemic', 'help', 'our', 'small', 'business', 'and', 'get', 'american', 'back', 'to', 'work', '', '', 'but', 'congress', 'need', 'to', 'act…', 'httpstcovdmuyzdd']"
43,6,1358971128455258114,Doug and I send our condolences and prayers to Susan and the Wright family on the passing of Congressman Ron Wright… https://t.co/khn8DiNoRL,45741,3096,2021-02-09 02:49:00,doug and i send our condolences and prayers to susan and the wright family on the passing of congressman ron wright… httpstcokhndinorl,"['doug', 'and', 'i', 'send', 'our', 'condolences', 'and', 'prayers', 'to', 'susan', 'and', 'the', 'wright', 'family', 'on', 'the', 'passing', 'of', 'congressman', 'ron', 'wright…', 'httpstcokhndinorl']","['doug', 'and', 'i', 'send', 'our', 'condolence', 'and', 'prayer', 'to', 'susan', 'and', 'the', 'wright', 'family', 'on', 'the', 'passing', 'of', 'congressman', 'ron', 'wright…', 'httpstcokhndinorl']"
44,7,1358896470984970242,"Today @POTUS and I did a virtual tour of the State Farm Stadium in Arizona, where thousands are getting vaccinated… https://t.co/RuWvjrR5hD",32275,3051,2021-02-08 21:52:20,today potus and i did a virtual tour of the state farm stadium in arizona where thousands are getting vaccinated… httpstcoruwvjrrhd,"['today', 'potus', 'and', 'i', 'did', 'a', 'virtual', 'tour', 'of', 'the', 'state', 'farm', 'stadium', 'in', 'arizona', 'where', 'thousands', 'are', 'getting', 'vaccinated…', 'httpstcoruwvjrrhd']","['today', 'potus', 'and', 'i', 'did', 'a', 'virtual', 'tour', 'of', 'the', 'state', 'farm', 'stadium', 'in', 'arizona', 'where', 'thousand', 'are', 'getting', 'vaccinated…', 'httpstcoruwvjrrhd']"
45,8,1358863217255190531,"RT @WhiteHouse: Tune in as President Biden and Vice President Harris virtually tour a vaccination site in Glendale, Arizona. https://t.co/Q…",0,1245,2021-02-08 19:40:12,rt whitehouse tune in as president biden and vice president harris virtually tour a vaccination site in glendale arizona httpstcoq…,"['rt', 'whitehouse', 'tune', 'in', 'as', 'president', 'biden', 'and', 'vice', 'president', 'harris', 'virtually', 'tour', 'a', 'vaccination', 'site', 'in', 'glendale', 'arizona', 'httpstcoq…']","['rt', 'whitehouse', 'tune', 'in', 'a', 'president', 'biden', 'and', 'vice', 'president', 'harris', 'virtually', 'tour', 'a', 'vaccination', 'site', 'in', 'glendale', 'arizona', 'httpstcoq…']"
46,9,1358840051938058244,RT @POTUS: Making vaccines free and accessible for every American — that’s the American Rescue Plan. https://t.co/5GpH0VYWIE,0,12157,2021-02-08 18:08:09,rt potus making vaccines free and accessible for every american — that’s the american rescue plan httpstcogphvywie,"['rt', 'potus', 'making', 'vaccines', 'free', 'and', 'accessible', 'for', 'every', 'american', '—', 'that’s', 'the', 'american', 'rescue', 'plan', 'httpstcogphvywie']","['rt', 'potus', 'making', 'vaccine', 'free', 'and', 'accessible', 'for', 'every', 'american', '—', 'that’s', 'the', 'american', 'rescue', 'plan', 'httpstcogphvywie']"
47,10,1358830674531262467,The American Rescue Plan will get the pandemic under control and support struggling communities across our country.… https://t.co/o1Mkn0A6I3,41902,4683,2021-02-08 17:30:53,the american rescue plan will get the pandemic under control and support struggling communities across our country… httpstcoomknai,"['the', 'american', 'rescue', 'plan', 'will', 'get', 'the', 'pandemic', 'under', 'control', 'and', 'support', 'struggling', 'communities', 'across', 'our', 'country…', 'httpstcoomknai']","['the', 'american', 'rescue', 'plan', 'will', 'get', 'the', 'pandemic', 'under', 'control', 'and', 'support', 'struggling', 'community', 'across', 'our', 'country…', 'httpstcoomknai']"
48,11,1358615865781063681,Congratulations to the Tampa Bay @Buccaneers on winning #SuperBowlLV,44689,2849,2021-02-08 03:17:18,congratulations to the tampa bay buccaneers on winning superbowllv,"['congratulations', 'to', 'the', 'tampa', 'bay', 'buccaneers', 'on', 'winning', 'superbowllv']","['congratulation', 'to', 'the', 'tampa', 'bay', 'buccaneer', 'on', 'winning', 'superbowllv']"
49,12,1358498822255747075,"RT @WhiteHouse: ICYMI: This week, a bipartisan group of over 400 Mayors called on Congress to pass President Biden’s American Rescue Plan.…",0,2347,2021-02-07 19:32:13,rt whitehouse icymi this week a bipartisan group of over  mayors called on congress to pass president biden’s american rescue plan…,"['rt', 'whitehouse', 'icymi', 'this', 'week', 'a', 'bipartisan', 'group', 'of', 'over', '', 'mayors', 'called', 'on', 'congress', 'to', 'pass', 'president', 'biden’s', 'american', 'rescue', 'plan…']","['rt', 'whitehouse', 'icymi', 'this', 'week', 'a', 'bipartisan', 'group', 'of', 'over', '', 'mayor', 'called', 'on', 'congress', 'to', 'pas', 'president', 'biden’s', 'american', 'rescue', 'plan…']"
50,13,1358213453299781632,"We can get through this crisis. We can save lives. We can help people.
 
But Congress needs to act – and pass the American Rescue Plan.",57131,6048,2021-02-07 00:38:16,"we can get through this crisis we can save lives we can help people
 
but congress needs to act – and pass the american rescue plan","['we', 'can', 'get', 'through', 'this', 'crisis', 'we', 'can', 'save', 'lives', 'we', 'can', 'help', 'people', '', '', 'but', 'congress', 'needs', 'to', 'act', '–', 'and', 'pass', 'the', 'american', 'rescue', 'plan']","['we', 'can', 'get', 'through', 'this', 'crisis', 'we', 'can', 'save', 'life', 'we', 'can', 'help', 'people', '', '', 'but', 'congress', 'need', 'to', 'act', '–', 'and', 'pas', 'the', 'american', 'rescue', 'plan']"
51,14,1358162105468354562,It’s been a busy few weeks. Ready for the next one. https://t.co/bMouYVjRr0,164675,8827,2021-02-06 21:14:14,it’s been a busy few weeks ready for the next one httpstcobmouyvjrr,"['it’s', 'been', 'a', 'busy', 'few', 'weeks', 'ready', 'for', 'the', 'next', 'one', 'httpstcobmouyvjrr']","['it’s', 'been', 'a', 'busy', 'few', 'week', 'ready', 'for', 'the', 'next', 'one', 'httpstcobmouyvjrr']"
52,15,1357861821064036354,"From software to healthcare, restaurants to manufacturers, Black businesses are small, large, and everything in bet… https://t.co/OpCX9HPxFS",28966,3077,2021-02-06 01:21:00,from software to healthcare restaurants to manufacturers black businesses are small large and everything in bet… httpstcoopcxhpxfs,"['from', 'software', 'to', 'healthcare', 'restaurants', 'to', 'manufacturers', 'black', 'businesses', 'are', 'small', 'large', 'and', 'everything', 'in', 'bet…', 'httpstcoopcxhpxfs']","['from', 'software', 'to', 'healthcare', 'restaurant', 'to', 'manufacturer', 'black', 'business', 'are', 'small', 'large', 'and', 'everything', 'in', 'bet…', 'httpstcoopcxhpxfs']"
53,16,1357771176391548928,Black businesses have been hit hard in the pandemic. Today at 3pm Secretary @JanetYellen and I are joining local Bl… https://t.co/kP80w4Pr7M,9345,1236,2021-02-05 19:20:49,black businesses have been hit hard in the pandemic today at pm secretary janetyellen and i are joining local bl… httpstcokpwprm,"['black', 'businesses', 'have', 'been', 'hit', 'hard', 'in', 'the', 'pandemic', 'today', 'at', 'pm', 'secretary', 'janetyellen', 'and', 'i', 'are', 'joining', 'local', 'bl…', 'httpstcokpwprm']","['black', 'business', 'have', 'been', 'hit', 'hard', 'in', 'the', 'pandemic', 'today', 'at', 'pm', 'secretary', 'janetyellen', 'and', 'i', 'are', 'joining', 'local', 'bl…', 'httpstcokpwprm']"
54,17,1357675898548453379,RT @WhiteHouse: Wondering about Dr. Fauci’s morning routine or how we can vaccinate 100 million people in 100 days? Watch to find out: http…,0,3154,2021-02-05 13:02:13,rt whitehouse wondering about dr fauci’s morning routine or how we can vaccinate  million people in  days watch to find out http…,"['rt', 'whitehouse', 'wondering', 'about', 'dr', 'fauci’s', 'morning', 'routine', 'or', 'how', 'we', 'can', 'vaccinate', '', 'million', 'people', 'in', '', 'days', 'watch', 'to', 'find', 'out', 'http…']","['rt', 'whitehouse', 'wondering', 'about', 'dr', 'fauci’s', 'morning', 'routine', 'or', 'how', 'we', 'can', 'vaccinate', '', 'million', 'people', 'in', '', 'day', 'watch', 'to', 'find', 'out', 'http…']"
55,18,1357502842769145860,My mother was a cancer scientist. It was a shock when she herself was diagnosed with cancer. She passed away a year… https://t.co/Nh2siRs78I,147650,11039,2021-02-05 01:34:33,my mother was a cancer scientist it was a shock when she herself was diagnosed with cancer she passed away a year… httpstconhsirsi,"['my', 'mother', 'was', 'a', 'cancer', 'scientist', 'it', 'was', 'a', 'shock', 'when', 'she', 'herself', 'was', 'diagnosed', 'with', 'cancer', 'she', 'passed', 'away', 'a', 'year…', 'httpstconhsirsi']","['my', 'mother', 'wa', 'a', 'cancer', 'scientist', 'it', 'wa', 'a', 'shock', 'when', 'she', 'herself', 'wa', 'diagnosed', 'with', 'cancer', 'she', 'passed', 'away', 'a', 'year…', 'httpstconhsirsi']"
56,19,1357450252010336262,Today I thanked the dedicated staff at @StateDept for their service and sacrifice. They have remained committed to… https://t.co/dBojCy4NJD,20535,2019,2021-02-04 22:05:34,today i thanked the dedicated staff at statedept for their service and sacrifice they have remained committed to… httpstcodbojcynjd,"['today', 'i', 'thanked', 'the', 'dedicated', 'staff', 'at', 'statedept', 'for', 'their', 'service', 'and', 'sacrifice', 'they', 'have', 'remained', 'committed', 'to…', 'httpstcodbojcynjd']","['today', 'i', 'thanked', 'the', 'dedicated', 'staff', 'at', 'statedept', 'for', 'their', 'service', 'and', 'sacrifice', 'they', 'have', 'remained', 'committed', 'to…', 'httpstcodbojcynjd']"
57,0,1361445125549883398,"Today I spoke with President @EmmanuelMacron of France. We discussed COVID-19, climate change, supporting democracy… https://t.co/Frmayspiv2",70427,6020,2021-02-15 22:39:47,today i spoke with president emmanuelmacron of france we discussed covid climate change supporting democracy… httpstcofrmayspiv,"['today', 'i', 'spoke', 'with', 'president', 'emmanuelmacron', 'of', 'france', 'we', 'discussed', 'covid', 'climate', 'change', 'supporting', 'democracy…', 'httpstcofrmayspiv']","['today', 'i', 'spoke', 'with', 'president', 'emmanuelmacron', 'of', 'france', 'we', 'discussed', 'covid', 'climate', 'change', 'supporting', 'democracy…', 'httpstcofrmayspiv']"
58,1,1361440971536429059,"RT @POTUS: Health care is a right — and I will do everything in my power to ensure that all Americans have access to quality, affordable ca…",0,10388,2021-02-15 22:23:16,rt potus health care is a right — and i will do everything in my power to ensure that all americans have access to quality affordable ca…,"['rt', 'potus', 'health', 'care', 'is', 'a', 'right', '—', 'and', 'i', 'will', 'do', 'everything', 'in', 'my', 'power', 'to', 'ensure', 'that', 'all', 'americans', 'have', 'access', 'to', 'quality', 'affordable', 'ca…']","['rt', 'potus', 'health', 'care', 'is', 'a', 'right', '—', 'and', 'i', 'will', 'do', 'everything', 'in', 'my', 'power', 'to', 'ensure', 'that', 'all', 'american', 'have', 'access', 'to', 'quality', 'affordable', 'ca…']"
59,2,1361372791178674176,The American Rescue Plan will make vaccines free and accessible for everyone. We can't afford to wait. Congress nee… https://t.co/Mf98gev7hO,28178,3680,2021-02-15 17:52:21,the american rescue plan will make vaccines free and accessible for everyone we cant afford to wait congress nee… httpstcomfgevho,"['the', 'american', 'rescue', 'plan', 'will', 'make', 'vaccines', 'free', 'and', 'accessible', 'for', 'everyone', 'we', 'cant', 'afford', 'to', 'wait', 'congress', 'nee…', 'httpstcomfgevho']","['the', 'american', 'rescue', 'plan', 'will', 'make', 'vaccine', 'free', 'and', 'accessible', 'for', 'everyone', 'we', 'cant', 'afford', 'to', 'wait', 'congress', 'nee…', 'httpstcomfgevho']"
60,3,1361120302563012609,"Our thoughts are with the Parkland community, three years to the day after we lost seventeen innocent lives at Marj… https://t.co/bMe2jYbiS2",27026,3122,2021-02-15 01:09:03,our thoughts are with the parkland community three years to the day after we lost seventeen innocent lives at marj… httpstcobmejybis,"['our', 'thoughts', 'are', 'with', 'the', 'parkland', 'community', 'three', 'years', 'to', 'the', 'day', 'after', 'we', 'lost', 'seventeen', 'innocent', 'lives', 'at', 'marj…', 'httpstcobmejybis']","['our', 'thought', 'are', 'with', 'the', 'parkland', 'community', 'three', 'year', 'to', 'the', 'day', 'after', 'we', 'lost', 'seventeen', 'innocent', 'life', 'at', 'marj…', 'httpstcobmejybis']"
61,4,1361090840391745543,"RT @SecondGentleman: Happy Valentine’s Day, honey. We’ve got big adventures ahead. I couldn’t be more excited to be your partner on this jo…",0,5503,2021-02-14 23:11:58,rt secondgentleman happy valentine’s day honey we’ve got big adventures ahead i couldn’t be more excited to be your partner on this jo…,"['rt', 'secondgentleman', 'happy', 'valentine’s', 'day', 'honey', 'we’ve', 'got', 'big', 'adventures', 'ahead', 'i', 'couldn’t', 'be', 'more', 'excited', 'to', 'be', 'your', 'partner', 'on', 'this', 'jo…']","['rt', 'secondgentleman', 'happy', 'valentine’s', 'day', 'honey', 'we’ve', 'got', 'big', 'adventure', 'ahead', 'i', 'couldn’t', 'be', 'more', 'excited', 'to', 'be', 'your', 'partner', 'on', 'this', 'jo…']"
62,5,1361024539405086720,"During a @POTUS visit to my office (his old office), he showed me where - on Valentine’s Day in 2009 - @FLOTUS wrot… https://t.co/d7uhQI7YCJ",87380,6441,2021-02-14 18:48:31,during a potus visit to my office his old office he showed me where  on valentine’s day in   flotus wrot… httpstcoduhqiycj,"['during', 'a', 'potus', 'visit', 'to', 'my', 'office', 'his', 'old', 'office', 'he', 'showed', 'me', 'where', '', 'on', 'valentine’s', 'day', 'in', '', '', 'flotus', 'wrot…', 'httpstcoduhqiycj']","['during', 'a', 'potus', 'visit', 'to', 'my', 'office', 'his', 'old', 'office', 'he', 'showed', 'me', 'where', '', 'on', 'valentine’s', 'day', 'in', '', '', 'flotus', 'wrot…', 'httpstcoduhqiycj']"
63,6,1360741263226638340,Wear a mask. Save lives. https://t.co/eWkXTUCyhi,96847,7879,2021-02-14 00:02:53,wear a mask save lives httpstcoewkxtucyhi,"['wear', 'a', 'mask', 'save', 'lives', 'httpstcoewkxtucyhi']","['wear', 'a', 'mask', 'save', 'life', 'httpstcoewkxtucyhi']"
64,7,1360728777848999937,"RT @SecondGentleman: This Valentine’s Day weekend, our hearts are with the health care heroes working around-the-clock to support our count…",0,1759,2021-02-13 23:13:16,rt secondgentleman this valentine’s day weekend our hearts are with the health care heroes working aroundtheclock to support our count…,"['rt', 'secondgentleman', 'this', 'valentine’s', 'day', 'weekend', 'our', 'hearts', 'are', 'with', 'the', 'health', 'care', 'heroes', 'working', 'aroundtheclock', 'to', 'support', 'our', 'count…']","['rt', 'secondgentleman', 'this', 'valentine’s', 'day', 'weekend', 'our', 'heart', 'are', 'with', 'the', 'health', 'care', 'hero', 'working', 'aroundtheclock', 'to', 'support', 'our', 'count…']"
65,8,1360719396017213442,We can open most K-8 schools by the end of our first 100 days. @CDCgov provided the best available scientific evide… https://t.co/17C1w6TFfB,8171,1039,2021-02-13 22:35:59,we can open most k schools by the end of our first  days cdcgov provided the best available scientific evide… httpstcocwtffb,"['we', 'can', 'open', 'most', 'k', 'schools', 'by', 'the', 'end', 'of', 'our', 'first', '', 'days', 'cdcgov', 'provided', 'the', 'best', 'available', 'scientific', 'evide…', 'httpstcocwtffb']","['we', 'can', 'open', 'most', 'k', 'school', 'by', 'the', 'end', 'of', 'our', 'first', '', 'day', 'cdcgov', 'provided', 'the', 'best', 'available', 'scientific', 'evide…', 'httpstcocwtffb']"
66,9,1360608347897135112,Millions of women have lost their jobs or dropped out of the workforce during the pandemic. I wrote about how this… https://t.co/CrX3HaA50G,17040,2781,2021-02-13 15:14:43,millions of women have lost their jobs or dropped out of the workforce during the pandemic i wrote about how this… httpstcocrxhaag,"['millions', 'of', 'women', 'have', 'lost', 'their', 'jobs', 'or', 'dropped', 'out', 'of', 'the', 'workforce', 'during', 'the', 'pandemic', 'i', 'wrote', 'about', 'how', 'this…', 'httpstcocrxhaag']","['million', 'of', 'woman', 'have', 'lost', 'their', 'job', 'or', 'dropped', 'out', 'of', 'the', 'workforce', 'during', 'the', 'pandemic', 'i', 'wrote', 'about', 'how', 'this…', 'httpstcocrxhaag']"
67,10,1360582231664787461,"RT @POTUS: Earlier this week, Vice President Harris and I took a virtual tour of a vaccination site in Arizona. Because of the hard work of…",0,2799,2021-02-13 13:30:57,rt potus earlier this week vice president harris and i took a virtual tour of a vaccination site in arizona because of the hard work of…,"['rt', 'potus', 'earlier', 'this', 'week', 'vice', 'president', 'harris', 'and', 'i', 'took', 'a', 'virtual', 'tour', 'of', 'a', 'vaccination', 'site', 'in', 'arizona', 'because', 'of', 'the', 'hard', 'work', 'of…']","['rt', 'potus', 'earlier', 'this', 'week', 'vice', 'president', 'harris', 'and', 'i', 'took', 'a', 'virtual', 'tour', 'of', 'a', 'vaccination', 'site', 'in', 'arizona', 'because', 'of', 'the', 'hard', 'work', 'of…']"
68,11,1360420979479085056,"Happy #LunarNewYear! As we welcome the Year of the Ox during a challenging time, I wish everyone happiness, health,… https://t.co/0sAcMzz7JJ",41393,3859,2021-02-13 02:50:11,happy lunarnewyear as we welcome the year of the ox during a challenging time i wish everyone happiness health… httpstcosacmzzjj,"['happy', 'lunarnewyear', 'as', 'we', 'welcome', 'the', 'year', 'of', 'the', 'ox', 'during', 'a', 'challenging', 'time', 'i', 'wish', 'everyone', 'happiness', 'health…', 'httpstcosacmzzjj']","['happy', 'lunarnewyear', 'a', 'we', 'welcome', 'the', 'year', 'of', 'the', 'ox', 'during', 'a', 'challenging', 'time', 'i', 'wish', 'everyone', 'happiness', 'health…', 'httpstcosacmzzjj']"
69,12,1360311331434430467,Hate crimes and violence against Asian Americans and Asian immigrants have skyrocketed during the pandemic. That’s… https://t.co/Z8CRGdfJ6y,65179,8940,2021-02-12 19:34:29,hate crimes and violence against asian americans and asian immigrants have skyrocketed during the pandemic that’s… httpstcozcrgdfjy,"['hate', 'crimes', 'and', 'violence', 'against', 'asian', 'americans', 'and', 'asian', 'immigrants', 'have', 'skyrocketed', 'during', 'the', 'pandemic', 'that’s…', 'httpstcozcrgdfjy']","['hate', 'crime', 'and', 'violence', 'against', 'asian', 'american', 'and', 'asian', 'immigrant', 'have', 'skyrocketed', 'during', 'the', 'pandemic', 'that’s…', 'httpstcozcrgdfjy']"
70,13,1360286682755584008,"RT @SecondGentleman: Thank you, @FLOTUS, for spreading the love.",0,5423,2021-02-12 17:56:32,rt secondgentleman thank you flotus for spreading the love,"['rt', 'secondgentleman', 'thank', 'you', 'flotus', 'for', 'spreading', 'the', 'love']","['rt', 'secondgentleman', 'thank', 'you', 'flotus', 'for', 'spreading', 'the', 'love']"
71,14,1360227577793757184,RT @DeptofDefense: .@VP: You are the best and the bravest fighting force in the world. https://t.co/ykhwFEJ0rz,0,1533,2021-02-12 14:01:41,rt deptofdefense vp you are the best and the bravest fighting force in the world httpstcoykhwfejrz,"['rt', 'deptofdefense', 'vp', 'you', 'are', 'the', 'best', 'and', 'the', 'bravest', 'fighting', 'force', 'in', 'the', 'world', 'httpstcoykhwfejrz']","['rt', 'deptofdefense', 'vp', 'you', 'are', 'the', 'best', 'and', 'the', 'bravest', 'fighting', 'force', 'in', 'the', 'world', 'httpstcoykhwfejrz']"
72,15,1359974013607501828,"RT @ginamccarthy46: Today, I had the great honor to chair the first ever National Climate Task Force. @POTUS, @VP, and I agree - tackling t…",0,1251,2021-02-11 21:14:06,rt ginamccarthy today i had the great honor to chair the first ever national climate task force potus vp and i agree  tackling t…,"['rt', 'ginamccarthy', 'today', 'i', 'had', 'the', 'great', 'honor', 'to', 'chair', 'the', 'first', 'ever', 'national', 'climate', 'task', 'force', 'potus', 'vp', 'and', 'i', 'agree', '', 'tackling', 't…']","['rt', 'ginamccarthy', 'today', 'i', 'had', 'the', 'great', 'honor', 'to', 'chair', 'the', 'first', 'ever', 'national', 'climate', 'task', 'force', 'potus', 'vp', 'and', 'i', 'agree', '', 'tackling', 't…']"
73,16,1359905795815706624,"To all our servicemembers:
 
@POTUS and I will always honor your service and sacrifice. We will always support you.… https://t.co/95OMwqJ8du",42584,3996,2021-02-11 16:43:02,"to all our servicemembers
 
potus and i will always honor your service and sacrifice we will always support you… httpstcoomwqjdu","['to', 'all', 'our', 'servicemembers', '', '', 'potus', 'and', 'i', 'will', 'always', 'honor', 'your', 'service', 'and', 'sacrifice', 'we', 'will', 'always', 'support', 'you…', 'httpstcoomwqjdu']","['to', 'all', 'our', 'servicemembers', '', '', 'potus', 'and', 'i', 'will', 'always', 'honor', 'your', 'service', 'and', 'sacrifice', 'we', 'will', 'always', 'support', 'you…', 'httpstcoomwqjdu']"
